<?xml version="1.0" encoding="UTF-8"?>
<rss version="2.0" xmlns:atom="http://www.w3.org/2005/Atom">
  <channel>
    <title>Kabar IndonesiaX</title>
    <description>Kabar Terbaru dari IndonesiaX</description>
    <link>https://blog.indonesiax.co.id/</link>
    <atom:link href="https://blog.indonesiax.co.id/feed.xml" rel="self" type="application/rss+xml"/>
    <pubDate>Fri, 17 Mar 2017 16:51:57 +0700</pubDate>
    <lastBuildDate>Fri, 17 Mar 2017 16:51:57 +0700</lastBuildDate>
    <generator>Jekyll v3.2.1</generator>
    
      
      <item>
        <title>Syarat dan Ketentuan Pemenang Program Referral IndonesiaX</title>
        <pubDate>Fri, 17 Mar 2017 00:00:00 +0700</pubDate>
        <link>https://blog.indonesiax.co.id/blog/syarat-dan-ketentuan-pemenang-program-referral-indonesiax/</link>
        <guid isPermaLink="true">https://blog.indonesiax.co.id/blog/syarat-dan-ketentuan-pemenang-program-referral-indonesiax/</guid>
        
        
      </item>
      
    
      
      <item>
        <title>#LearnerStories: Soerjo Winarto, Direktur Supply Chain di Johnson &amp; Johnson, Indonesia</title>
        <pubDate>Fri, 30 Sep 2016 00:00:00 +0700</pubDate>
        <link>https://blog.indonesiax.co.id/blog/learner-stories-soerjo-winarto/</link>
        <guid isPermaLink="true">https://blog.indonesiax.co.id/blog/learner-stories-soerjo-winarto/</guid>
        
        
      </item>
      
    
      
      <item>
        <title>Memenangkan Kompetisi di Era Digital</title>
        <pubDate>Thu, 15 Sep 2016 00:00:00 +0700</pubDate>
        <link>https://blog.indonesiax.co.id/blog/memenangkan-kompetisi-di-era-digital/</link>
        <guid isPermaLink="true">https://blog.indonesiax.co.id/blog/memenangkan-kompetisi-di-era-digital/</guid>
        
        
      </item>
      
    
      
      <item>
        <title>IndonesiaX Menyambut edX Sebagai Mitra Overseas yang Pertama</title>
        <pubDate>Tue, 09 Feb 2016 00:00:00 +0700</pubDate>
        <link>https://blog.indonesiax.co.id/blog/indonesiax-menyambut-edx-sebagai-mitra-overseas-pertama/</link>
        <guid isPermaLink="true">https://blog.indonesiax.co.id/blog/indonesiax-menyambut-edx-sebagai-mitra-overseas-pertama/</guid>
        
        
      </item>
      
    
  </channel>
</rss>
